user_profile,reddit_post,comment_link,window_height,window_width,document_height,document_width,x,y,width,height,top,right,bottom,left,timestamp,comment_body_encoded
https://www.reddit.com/user/TheHelpfulAssistant/,https://www.reddit.com/r/LocalLLaMA/comments/15k9efr/how_does_microsoft_guidance_work/,https://www.reddit.com/r/LocalLLaMA/comments/15k9efr/comment/jv4am71/?utm_source=reddit&utm_medium=web2x&context=3,860,1512,860,1512,272,169.375,639,57.6953125,169.375,911,227.0703125,272,1700677039,SSUyMGZvdW5kJTIwdGhlJTIwZm9sbG93aW5nJTIwYXJ0aWNsZSUyMGludGVyZXN0aW5nLiUwQSUwQUElMjBEZWVwJTIwRGl2ZSUyMEludG8lMjBHdWlkYW5jZSV1MjAxOXMlMjBTb3VyY2UlMjBDb2Rl
https://www.reddit.com/user/nbuster/,https://www.reddit.com/r/LocalLLaMA/comments/14cagpc/the_best_framework_currently_going_forward/,https://www.reddit.com/r/LocalLLaMA/comments/14cagpc/comment/joke8pr/?utm_source=reddit&utm_medium=web2x&context=3,860,1512,860,1512,291,619.75,618,85,619.75,909,704.75,291,1700677347,Qm90aCUyMGd1aWRhbmNlJTIwYW5kJTIwbGFuZ2NoYWluJTIwZXhwZWN0JTIwYW4lMjBhZGFwdGVyJTIwdG8lMjBiZSUyMGluc3RhbnRpYXRlZCUyMGZvciUyMHlvdXIlMjBMTE0lMjB0b2RheS4lMjBUaGV5JTIwYXJlJTIwbm90JTJDJTIwdG8lMjBteSUyMGtub3dsZWRnZSUyQyUyMGFibGUlMjB0byUyMGNvZXhpc3QlMjBhbmQlMjBmb3JjZSUyMHlvdSUyMGludG8lMjBoYXZpbmclMjB0d28lMjBMTE0lMjBpbnN0YW5jZXMuJTIwVGhpcyUyMGNvdWxkJTIwcHJvYmFibHklMjBiZSUyMG1pdGlnYXRlZCUyQyUyMGFsYmVpdCUyMG5vdCUyMGVhc2lseSUyMGFzJTIweW91JTIwd291bGQlMjBuZWVkJTIwdG8lMjBhYnN0cmFjdCUyMHNvbWUlMjBvZiUyMHRoZSUyMExMTSUyN3MlMjBpbm5lci13b3JraW5ncyUyMCUyOGxvZ3Byb2JzJTI5JTIwaW50byUyMGFuJTIwQVBJJTJDJTIwdGhlbiUyMGJ1aWxkJTIwYW4lMjBhZGFwdGVyJTIwb24lMjB0b3AlMjBvZiUyMGl0Lg==
https://www.reddit.com/user/harrro/,https://www.reddit.com/r/LocalLLaMA/comments/14zei4q/prompt_engineering_how_to_get_open_source_llms_to/,https://www.reddit.com/r/LocalLLaMA/comments/14zei4q/comment/jrxxfjz/?utm_source=reddit&utm_medium=web2x&context=3,860,1512,860,1512,312,275.90625,597,22,275.90625,909,297.90625,312,1700676983,R3VpZGFuY2UlMjBoYXMlMjBidWlsdC1pbiUyMHN1cHBvcnQlMjBmb3IlMjBUcmFuc2Zvcm1lcnMvbG9jYWwlMjBtb2RlbHMu
https://www.reddit.com/user/Caesar_Zalad/,https://www.reddit.com/r/LocalLLaMA/comments/14cagpc/the_best_framework_currently_going_forward/,https://www.reddit.com/r/LocalLLaMA/comments/14cagpc/comment/jokyot2/?utm_source=reddit&utm_medium=web2x&context=3,860,1512,860,1512,291,513.296875,618,125.1953125,513.296875,909,638.4921875,291,1700677251,aGluZyUyMHlvdSUyMG5lZWQlMjBpdCUyMHRvJTIwZG8lMkMlMjBJJTIwd291bGQlMjBzdWdnZXN0JTIwZ29pbmclMjB0aGF0JTIwcm91dGUlMjB0byUyMHNhdmUlMjB0aGUlMjB0aW1lJTJDJTIwYnV0JTIwaWYlMjB5b3UlMjB3YW50JTBBJTBBVGhhbmtzJTIwZm9yJTIwdGhlJTIwaW5wdXQlMjElMjBIYXZlJTIweW91JTIwaGFkJTIwYW55JTIwZXhwZXJpZW5jZSUyMHdpdGglMjBTZW1hbnRpYyUyMEtlcm5lbCUyMGFzJTIwd2VsbCUzRiUyMFNlZWluZyUyMGFzJTIwYm90aCUyMEd1aWRhbmNlJTIwYW5kJTIwU2VtYW50aWMlMjBLZXJuZWwlMjBhcmUlMjBNaWNyb3NvZnQlMjByZWxhdGVkJTJDJTIwbXklMjBpbml0aWFsJTIwdGhvdWdodCUyMHdhcyUyMHRoYXQlMjBpdCUyMG1pZ2h0JTIwYmUlMjBtb3JlJTIwc3VzdGFpbmFibGUlMjBhbmQlMjB3ZWxsLXJlc2VhcmNoZWQlMjBnb2luZyUyMGZvcndhcmQlMjBvbiUyMGElMjBsb25nZXItdGVybSUyMHByb2plY3QuJTIwVGhvdWdoJTIwYm90aCUyMHNlZW0lMjBxdWl0ZSUyMHN0YXRpYyUyMGFuZCUyMEklMjBxdWl0ZSUyMGxpa2UlMjB0aGUlMjBzcGVlZCUyMGF0JTIwd2hpY2glMjBMYW5nQ2hhaW4lMjBpcyUyMG9wZXJhdGluZy4=
https://www.reddit.com/user/fpena06/,https://www.reddit.com/r/LocalLLaMA/comments/14zei4q/prompt_engineering_how_to_get_open_source_llms_to/,https://www.reddit.com/r/LocalLLaMA/comments/14zei4q/comment/js1sqbx/?utm_source=reddit&utm_medium=web2x&context=3,860,1512,860,1512,333,385.40625,576,22,385.40625,909,407.40625,333,1700676983,Y2FuJTIwZ3VpZGFuY2UlMjBiZSUyMHVzZWQlMjB3aXRoJTIwb29iYWJvb2dhJTNGJTIwVGhhbmtz
https://www.reddit.com/user/Dangerous_Aardvark15/,https://www.reddit.com/r/LocalLLaMA/comments/14cagpc/the_best_framework_currently_going_forward/,https://www.reddit.com/r/LocalLLaMA/comments/14cagpc/comment/jot0pm3/?utm_source=reddit&utm_medium=web2x&context=3,860,1512,860,1512,272,227.9453125,639,431.4765625,227.9453125,911,659.421875,272,1700677373,QW0lMjBJJTIwYWxsb3dlZCUyMHRvJTIwdXNlJTIwR3VpZGFuY2UlMjBhbG9uZyUyMHdpdGglMjBteSUyMG93biUyMGxsbSUyQyUyMG9uZSUyMHRoYXQlMjBJJTIwaW1wb3J0JTIwZnJvbSUyMGh1Z2dpbmclMjBmYWNlJTNGJTIwSSUyMGNhbiUyN3QlMjBzZWVtJTIwdG8lMjBnZW5lcmF0ZSUyMGElMjByZXNwb25zZSUyMHdpdGglMjBndWlkYW5jZS4lMEElMEFJJTIwYW0lMjB1c2luZyUzQSUwQSUwQSU2MHRva2VuaXplciUyMCUzRCUyMEF1dG9Ub2tlbml6ZXIuZnJvbV9wcmV0cmFpbmVkJTI4JTIybG1zeXMvZmFzdGNoYXQtdDUtM2ItdjEuMCUyMiUyOW1vZGVsJTIwJTNEJTIwQXV0b01vZGVsRm9yU2VxMlNlcUxNLmZyb21fcHJldHJhaW5lZCUyOCUyMmxtc3lzL2Zhc3RjaGF0LXQ1LTNiLXYxLjAlMjIlMjklNjAlMEElMEElNjBndWlkYW5jZS5sbG0lMjAlM0QlMjBndWlkYW5jZS5sbG1zLlRyYW5zZm9ybWVycyUyOG1vZGVsJTIwJTNEJTIwbW9kZWwlMkMlMjB0b2tlbml6ZXIlM0R0b2tlbml6ZXIlMjklMEFwcm9tcHQlMjAlM0QlMjBndWlkYW5jZSUyOCUyNyUyNyUyNyUwQSU3QiU3Qm1vZGVsX2luc3RydWN0aW9uJTdEJTdEJTBBJTdCJTdCJTIzZWFjaCUyMHRvcF9rX2NodW5rcyU3RCU3RCUwQSU3QiU3QnRoaXMuY29udGVudCU3RCU3RCUwQSU3QiU3Qi9lYWNoJTdEJTdEJTBBJTdCJTdCcXVlcnklN0QlN0QlMEElN0IlN0JnZW4lMjAlMjdyZXNwb25zZSUyNyU3RCU3RCUwQSUyNyUyNyUyNyUyOSUwQSUwQWFuc3dlciUyMCUzRCUyMHByb21wdCUyOG1vZGVsX2luc3RydWN0aW9uJTIwJTNEJTIwbG9vc2VfaW5zdHJ1Y3Rpb24lMkMlMjB0b3Bfa19jaHVua3MlM0R0b3Bfa19jaHVua3NfZGljdHMlMkMlMjBxdWVyeSUzRHF1ZXJ5JTI5JTYwJTBBJTBBVGhlJTIwY29kZSUyMHJ1bnMlMjBidXQlMjBubyUyMHJlc3BvbnNlJTIwaXMlMjBnZW5lcmF0ZWQuJTIwSSUyMGFtJTIwbm90JTIwc3VyZSUyMHdoeS4lMjAlM0ElM0M=
https://www.reddit.com/user/DeadPukka/,https://www.reddit.com/r/LLMDevs/comments/1793suc/whats_the_hardest_part_when_building_llm/,https://www.reddit.com/r/LLMDevs/comments/1793suc/comment/k5nqspr/?utm_source=reddit&utm_medium=web2x&context=3,860,1512,860,1512,272,550.8828125,639,234.0859375,550.8828125,911,784.96875,272,1700676671,V2hpbGUlMjBidWlsZGluZyUyMEdyYXBobGl0JTIwc29tZSUyMG9mJTIwdGhlJTIwdHJpY2tpZXN0JTIwcGllY2VzJTIwaGF2ZSUyMGJlZW4lMjBhcm91bmQlMjBwcm9tcHQlMjBlbmdpbmVlcmluZyUyQyUyMGFuZCUyMGdldHRpbmclMjBjb25zaXN0ZW5jeSUyMGFjcm9zcyUyMGRpZmZlcmVudCUyMG1vZGVscy4lMEElMEFXZSUyMHJlY2VudGx5JTIwYWRkZWQlMjBzdXBwb3J0JTIwZm9yJTIwQW50aHJvcGljJTIwQ2xhdWRlJTJDJTIwYW5kJTIwaXQlMjBiZWhhdmVzJTIwZGlmZmVyZW50bHklMjBlbm91Z2glMjBmcm9tJTIwT3BlbkFJJTIwdGhhdCUyMEklMjBoYWQlMjB0byUyMGNvbWUlMjB1cCUyMHdpdGglMjBhJTIwbmV3JTIwc2NoZW1lJTIwZm9yJTIwZm9ybWF0dGluZyUyMHRoZSUyMHByb21wdCUyMGluc3RydWN0aW9ucyUyMGFuZCUyMHByb3ZpZGluZyUyMHRoZSUyMHNvdXJjZSUyMGNvbnRleHQlMjBmb3IlMjB0aGUlMjByZXNwb25zZS4lMEElMEFBbHNvJTJDJTIwcHJvdmlkaW5nJTIwZ3VhcmRyYWlscyUyMHRvJTIwbWFrZSUyMHN1cmUlMjB0aGUlMjBMTE0lMjByZXNwb25kcyUyMGFzJTIwZXhwZWN0ZWQlMkMlMjBjYW4lMjBiZSUyMG1vcmUlMjBhcnQlMjB0aGFuJTIwc2NpZW5jZS4lMEElMEFXZSUyMGFyZSUyMGxvb2tpbmclMjBhdCUyMHdheXMlMjB0byUyMGF1dG9tYXRlJTIwdGhlJTIwZXZhbHMlMkMlMjBhbmQlMjBleHBhbmQlMjB0aGUlMjB0ZXN0JTIwc3VpdGUlMkMlMjBiZWNhdXNlJTIwaXQlMjBnZXRzJTIwaGFyZCUyMHRvJTIwbWFuYWdlJTIwbWFudWFsbHklMkMlMjBwcmV0dHklMjBxdWlja2x5Lg==
https://www.reddit.com/user/gamesntech/,https://www.reddit.com/r/LocalLLaMA/comments/17vadx2/fine_tuning_llm_for_text_to_sql_self_consistency/,https://www.reddit.com/r/LocalLLaMA/comments/17vadx2/comment/k9b67qu/?utm_source=reddit&utm_medium=web2x&context=3,860,1512,860,1512,272,466.40625,639,64,466.40625,911,530.40625,272,1700676483,VGhpcyUyMGlzJTIwb25lJTIwb2YlMjB0aGUlMjBhcmVhcyUyMHdoZXJlJTIwTExNcyUyMHN0aWxsJTIwaGF2ZSUyMHdheXMlMjB0byUyMGdvLiUyMEVzcGVjaWFsbHklMjBpZiUyMGV4ZWN1dGlvbiUyMGFjY3VyYWN5JTIwaXMlMjB2ZXJ5JTIwaW1wb3J0YW50JTIwdGhlbiUyMHlvdSUyMGNhbiV1MjAxOXQlMjByZWFsbHklMjB1c2UlMjBhbiUyMGF1dG9tYXRlZCUyMHByb2Nlc3MlMjBoZXJlLiUyMFRoZXJlJTIwYXJlJTIwYSUyMGZldyUyMHZlcnklMjBnb29kJTIwZGF0YXNldHMlMjB0aGF0JTIwYXJlJTIwYXZhaWxhYmxlJTIwZm9yJTIwdHJhaW5pbmcvdGVzdGluZyUyMHRob3VnaC4=
https://www.reddit.com/user/synkr3tyk/,https://www.reddit.com/r/LocalLLaMA/comments/14cagpc/the_best_framework_currently_going_forward/,https://www.reddit.com/r/LocalLLaMA/comments/14cagpc/comment/jpnkkdd/?utm_source=reddit&utm_medium=web2x&context=3,860,1512,860,1512,272,370.0546875,639,141.6953125,370.0546875,911,511.75,272,1700677339,T24lMjB3aGF0JTIwcGxhbmV0JTIwYXJlJTIwU2VtYW50aWMlMjBLZXJuZWwlMjBhbmQlMjBHdWlkYW5jZSUyMGNsb3NlZCUyMHNvdXJjZSUzRiUyMEJvdGglMjBhcmUlMjByZWxlYXNlZCUyMHVuZGVyJTIwdGhlJTIwTUlUJTIwTGljZW5zZSUyQyUyMGFzJTIwbm90ZWQlMjBwbGFpbmx5JTIwb24lMjB0aGUlMjBHaXRIdWIlMjBwcm9qZWN0JTIwaG9tZXBhZ2VzJTIwZm9yJTIwZWFjaC4lMEElMEFJJTIwcHJlZmVyJTIwR3VpZGFuY2UlMjB0byUyMExhbmdDaGFpbi4lMjBMYW5nQ2hhaW4lMjBoYXMlMjBhJTIwc2xpZ2h0bHklMjByaWNoZXIlMjBzZXQlMjBvZiUyMGZlYXR1cmVzJTJDJTIwYnV0JTIwYXMlMjBhJTIwc29mdHdhcmUlMjBwcm9qZWN0JTIwaXQlMjdzJTIwYSUyMG1lc3MuJTIwSW4lMjB0aGUlMjBlbmQlMjBJJTI3bSUyMG11Y2glMjBtb3JlJTIwcHJvZHVjdGl2ZSUyMHdpdGglMjBndWlkYW5jZSUyMC0lMjBpdCUyN3MlMjBlYXNpZXIlMjB0byUyMHVzZSUyQyUyMHRoZSUyMGV4YW1wbGVzJTIwYW5kJTIwc291cmNlJTIwY29kZSUyMGFyZSUyMGNsZWFyZXIlMjBhbmQlMjBiZXR0ZXItb3JnYW5pemVkJTJDJTIwYW5kJTIwdGhleSUyMHNlZW0lMjB0byUyMGhhdmUlMjBhJTIwcGxhbiUyMHdpdGglMjByZXNwZWN0JTIwdG8lMjBhJTIwcm9hZG1hcC4=
https://www.reddit.com/user/blackice193/,https://www.reddit.com/r/PromptEngineering/comments/17p0dzh/llm_doesnt_give_me_a_consistent_result_when_doing/,https://www.reddit.com/r/PromptEngineering/comments/17p0dzh/comment/k86knwp/?utm_source=reddit&utm_medium=web2x&context=3,860,1512,860,1512,272,158.6015625,639,120.6953125,158.6015625,911,279.296875,272,1700676731,T24lMjB0aGUlMjBPcGVuQWklMjB3ZWJzaXRlJTIwaWYlMjB5b3UlMjBsb29rJTIwYXQlMjBBUEklMjBleGFtcGxlcyUyMHlvdSUyMHdpbGwlMjBzZWUlMjB0aGF0JTIwc3VtbWFyaWVzJTIwaW50ZXJlc3RpbmdseSUyMGhhdmUlMjBhJTIwVGVtcCUyMG9mJTIwMC4lMEElMEFBJTIwZmV3JTIwZGF5cyUyMGFnbyUyMEklMjB3YXMlMjBzdXJwcmlzZWQlMjB0byUyMHNlZSUyMHRoZSUyMGltcGFjdCUyMG9mJTIwVG9wJTIwcCUyMCUyNiUyMG51Y2xldXMlMjBzZXR0aW5ncyUyMHdoZW4lMjBzdW1tYXJpc2luZyUyMFlvdVR1YmUlMjB2aWRlb3MuJTIwSSUyMHdvdWxkJTIwc2F5JTIwc3RhcnQlMjB3aXRoJTIwZXZlcnl0aGluZyUyMG9uJTIwemVybyUyMGFuZCUyMGV4cGVyaW1lbnQlMjB0aWxsJTIweW91JTIwZmluZCUyMHNvbWV0aGluZyUyMHlvdSUyMGxpa2U=
https://www.reddit.com/user/Smallpaul/,https://www.reddit.com/r/LocalLLaMA/comments/14cagpc/the_best_framework_currently_going_forward/,https://www.reddit.com/r/LocalLLaMA/comments/14cagpc/comment/jol6suc/?utm_source=reddit&utm_medium=web2x&context=3,860,1512,860,1512,312,613.9921875,597,120.6953125,613.9921875,909,734.6875,312,1700677275,VGhlcmUlMjdzJTIwbm8lMjBndWFyYW50ZWUlMjBvciUyMHJlYXNvbiUyMHRvJTIwYmVsaWV2ZSUyMHRoYXQlMjB0aGV5JTIwd291bGQlMjBiZSUyMG1vcmUlMjBzdXN0YWluYWJsZSUyMGFuZCUyMHdlbGwtcmVzZWFyY2hlZCUyMGdvaW5nJTIwZm9yd2FyZC4lMjBCaWclMjBjb21wYW5pZXMlMjBraWxsJTIwcHJvamVjdHMlMjBhbGwlMjBvZiUyMHRoZSUyMHRpbWUuJTBBJTBBQWxzbyUzQSUyMGFyZSUyMFNlbWFudGljJTIwS2VybmVsJTIwYW5kJTIwR3VpZGFuY2UlMjBkZXNpZ25lZCUyMHRvJTIwYmUlMjB1c2VkJTIwdG9nZXRoZXIlM0YlMjBNeSUyMHF1aWNrJTIwc2tpbSUyMGRpZG4lMjd0JTIwcHJvdmlkZSUyMGFueSUyMGV2aWRlbmNlJTIwdGhhdCUyMHRoZXklMjBhcmUuJTIwSWYlMjB0aGV5JTIwYXJlJTIwdHdvJTIwdW5yZWxhdGVkJTIwcHJvamVjdHMlMjB0aGVuJTIwdGhlcmUlMjdzJTIwbm8lMjByZWFzb24lMjB0byUyMHRoaW5rJTIwb2YlMjB0aGVtJTIwYXMlMjBhJTIwdW5pdC4=
https://www.reddit.com/user/sergeant113/,https://www.reddit.com/r/LLMDevs/comments/1793suc/whats_the_hardest_part_when_building_llm/,https://www.reddit.com/r/LLMDevs/comments/1793suc/comment/k54ts93/?utm_source=reddit&utm_medium=web2x&context=3,860,1512,860,1512,291,464.1875,618,64,464.1875,909,528.1875,291,1700676553,UkFHJTIwaGVscHMlMkMlMjBidXQlMjB0aGUlMjBxdWFsaXR5JTIwb2YlMjB0aGUlMjBhbnN3ZXIlMjBpcyUyMGhpZ2hseSUyMGRlcGVuZGVudCUyMG9uJTIwdGhlJTIwcmV0cmlldmFsJTIwbWVjaGFuaXNtLiUyMEFueSUyMHBvb3IlMjBkZWNpc2lvbiUyMGR1cmluZyUyMHRoZSUyMGVtYmVkZGluZyUyMGV4dHJhY3Rpb24lMjBwaXBlbGluZSUyMGNhbiUyMHJ1aW4lMjB0aGUlMjByZXN1bHQlMjBkdXJpbmclMjBpbmZlcmVuY2UlMjBtdWNoJTIwbGF0ZXIuJTIwSXQlMjBkb2VzJTIwbm90JTIwaGVscCUyMHRoZSUyMGZhY3QlMjB0aGF0JTIwTExNcyUyMGRvJTIwbm90JTIwY29uc2lzdGVudGx5JTIwb2JleS9kaXNvYmV5JTIwaW5zdHJ1Y3Rpb25zLg==
https://www.reddit.com/user/scratchr/,https://www.reddit.com/r/LocalLLaMA/comments/15k9efr/how_does_microsoft_guidance_work/,https://www.reddit.com/r/LocalLLaMA/comments/15k9efr/comment/jv4fwmk/?utm_source=reddit&utm_medium=web2x&context=3,860,1512,860,1512,272,330.5703125,639,106,330.5703125,911,436.5703125,272,1700677039,R3VpZGFuY2UlMjBpcyUyMGElMjBEU0wlMjAlMjhzcGVjaWFsJTIwZG9tYWluJTIwc3BlY2lmaWMlMjBsYW5ndWFnZSUyQyUyMGtpbmQlMjBvZiUyMGxpa2UlMjBoYW5kbGViYXJzJTIwb3IlMjBTUUwlMjklMjBmb3IlMjBjb25zdHJ1Y3RpbmclMjBhbmQlMjBwcm9tcHRpbmclMjBMTE1zLiUyMFRoZSUyMExMTSUyMGRvZXNuJTI3dCUyMHVuZGVyc3RhbmQlMjB0aGUlMjBndWlkYW5jZSUyMGxhbmd1YWdlLiUyMFRoZSUyMGd1aWRhbmNlJTIwbGlicmFyeSUyMGZpbGxzJTIwaW4lMjB5b3VyJTIwdmFyaWFibGVzJTIwdXNpbmclMjB0aGUlMjB0ZW1wbGF0ZSUyMHN5bnRheCUyMGFuZCUyMHRoZW4lMjBydW5zJTIwZ2VuZXJhdGlvbiUyMGR1cmluZyUyMHRoZSUyMGFwcHJvcHJpYXRlJTIwdGVtcGxhdGUlMjBlbGVtZW50cy4lMjBJdCUyMG9ubHklMjBydW5zJTIwZ2VuZXJhdGlvbiUyMGZvciUyMHRoYXQlMjBwYXJ0JTIwYW5kJTIwdGhlbiUyMHN3aXRjaGVzJTIwYmFjayUyMHRvJTIwcHJvbXB0aW5nJTJDJTIwd2hpY2glMjBhbGxvd3MlMjBpdCUyMHRvJTIwZW5mb3JjZSUyMGRhdGElMjBzdHJ1Y3R1cmUlMjBtdWNoJTIwbW9yZSUyMGVmZmVjdGl2ZWx5Lg==
https://www.reddit.com/user/sergeant113/,https://www.reddit.com/r/LocalLLaMA/comments/15k9efr/how_does_microsoft_guidance_work/,https://www.reddit.com/r/LocalLLaMA/comments/15k9efr/comment/jv4iasx/?utm_source=reddit&utm_medium=web2x&context=3,860,1512,860,1512,291,524.0703125,618,64,524.0703125,909,588.0703125,291,1700677039,U28lMkMlMjBpdCV1MjAxOXMlMjBsaWtlJTIwYSUyMHByb21wdCUyMGdlbmVyYXRpb24lMjBlbmdpbmUuJTIwRG8lMjB3ZSUyMGtub3clMjBob3clMjB0b2tlbi1oZWF2eSUyMGl0JTIwaXMlMjBjb21wYXJlZCUyMHRvJTIwZGlyZWN0JTIwcHJvbXB0aW5nJTNGJTIwSG93JTIwZG9lcyUyMGl0JTIwaGFuZGxlJTIwYSUyMGxvbmclMjBjb252ZXJzYXRpb24lMjB3aGVyZSUyMG5hdHVyYWwlMjBsYW5ndWFnZSUyMG1lc3NhZ2VzJTIwYXJlJTIwbWl4ZWQlMjBhbW9uZyUyMHRhc2stY29tbWFuZCUyMG1lc3NhZ2VzJTNG
https://www.reddit.com/user/autonomousErwin/,https://www.reddit.com/r/LLMDevs/comments/1793suc/whats_the_hardest_part_when_building_llm/,https://www.reddit.com/r/LLMDevs/comments/1793suc/comment/k53puc6/?utm_source=reddit&utm_medium=web2x&context=3,860,1512,860,1512,272,297.4921875,639,78.6953125,297.4921875,911,376.1875,272,1700676553,SGFsbHVjaW5hdGlvbnMlMkMlMjBvciUyMG1vcmUlMjBjb3JyZWN0bHkuLi5Db25mYWJ1bGF0aW9ucy4lMjBJJTIwd2FudCUyMHRvJTIwYmUlMjBhYmxlJTIwdG8lMjBnZXQlMjBjb25zaXN0ZW50JTIwcmVzdWx0cyUyMG91dCUyMG9mJTIwbXklMjBMTE1zJTIwYW5kJTIwZm9yJTIwaXQlMjB0byUyMGJlJTIwbW9yZSUyMGRldGVybWluaXN0aWMlMjBpLmUuJTIwbm90JTIwbWFrZSUyMHN0dWZmJTIwdXAuJTBBJTBBSSUyN3ZlJTIwcmVhZCUyMHRoYW4lMjBSQUclMjBjYW4lMjBoZWxwJTIwd2l0aCUyMHRoaXMlMjBhbmQlMjB0aGF0JTIwbWlnaHQlMjB0aGUlMjBmdXR1cmUuLi4=
https://www.reddit.com/user/harrro/,https://www.reddit.com/r/LocalLLaMA/comments/14zei4q/prompt_engineering_how_to_get_open_source_llms_to/,https://www.reddit.com/r/LocalLLaMA/comments/14zei4q/comment/js4a4jc/?utm_source=reddit&utm_medium=web2x&context=3,860,1512,860,1512,354,504.90625,555,64,504.90625,909,568.90625,354,1700676983,VGhlcmUlMjBpcyUyMGFuJTIwdW5tZXJnZWQlMjBQUiUyMHRoYXQlMjBhZGRzJTIwc3VwcG9ydCUyMGluJTIwT29iYWJvb2dhJTIwYnV0JTIwaXQlMjdzJTIwZWFzaWVyJTIwaWYlMjB5b3UlMjBqdXN0JTIwdXNlJTIwdGhlJTIwR3VpZGFuY2UlMjByZXBvJTIwZGlyZWN0bHklMjAlMjh0aGV5JTIwaGF2ZSUyMEp1cHl0ZXIvQ29sYWIlMjBub3RlYm9va3MlMjBhcyUyMHdlbGwlMjBhcyUyMHB5dGhvbiUyMGNvZGUlMjBzYW1wbGVzJTI5Lg==
https://www.reddit.com/user/Ovidije/,https://www.reddit.com/r/LocalLLaMA/comments/14zei4q/prompt_engineering_how_to_get_open_source_llms_to/,https://www.reddit.com/r/LocalLLaMA/comments/14zei4q/comment/jrz1oiz/?utm_source=reddit&utm_medium=web2x&context=3,860,1512,860,1512,291,656.40625,618,22,656.40625,909,678.40625,291,1700676983,SXMlMjB0aGVyZSUyMGFueSUyMGRpZmZlcmVuY2UlMjB0byUyMGxhbmdjaGFpbiUyMHN0cnVjdHVyZWQlMjBvdXRwdXQlM0Y=
https://www.reddit.com/user/Old-Upstairs-2266/,https://www.reddit.com/r/LocalLLaMA/comments/14cagpc/the_best_framework_currently_going_forward/,https://www.reddit.com/r/LocalLLaMA/comments/14cagpc/comment/k81jvfx/?utm_source=reddit&utm_medium=web2x&context=3,860,1512,860,1512,272,762.921875,639,22,762.921875,911,784.921875,272,1700677373,U2VtYW50aWMlMjBLZXJuZWwlMjBpcyUyMHRoZSUyMGJlc3QlM0ElMjBodHRwcyUzQS8vd3d3LnlvdXR1YmUuY29tL3dhdGNoJTNGdiUzRDkwaGhKSFRXejUw
https://www.reddit.com/user/RepresentativeOdd276/,https://www.reddit.com/r/LocalLLaMA/comments/14zei4q/prompt_engineering_how_to_get_open_source_llms_to/,https://www.reddit.com/r/LocalLLaMA/comments/14zei4q/comment/jrxhke8/?utm_source=reddit&utm_medium=web2x&context=3,860,1512,860,1512,291,561.40625,618,22,561.40625,909,583.40625,291,1700676831,VGhhbmtzJTIxJTIwWW91JTIwbWVhbiUyMHRoaXMlM0YlMjBodHRwcyUzQS8vZ2l0aHViLmNvbS9taWNyb3NvZnQvZ3VpZGFuY2Uv
https://www.reddit.com/user/Necessary_Function_3/,https://www.reddit.com/r/PromptEngineering/comments/17p0dzh/llm_doesnt_give_me_a_consistent_result_when_doing/,https://www.reddit.com/r/PromptEngineering/comments/17p0dzh/comment/k8bnj73/?utm_source=reddit&utm_medium=web2x&context=3,860,1512,860,1512,272,382.796875,639,402.0859375,382.796875,911,784.8828125,272,1700676731,bm90JTIwb25seSUyMHRoYXQlMkMlMjBpdCUyN3MlMjBwcmV0dHklMjBsYXp5JTIwYW5kJTIwY2FuJTIwYmUlMjBwYXJ0aWN1bGFybHklMjB1bmhlbHBmdWwlMjBkdWUlMjBpdCUyN3MlMjBwcm9ncmFtbWVkJTIwbW9yYWxzJTIwYW5kJTIwZXRoaWNzJTJDJTIwZWclMjByZSUyMGNvcHlyaWdodCUyMGZvciUyMG9uZSUyMGV4YW1wbGUlMkMlMjBpdCUyMGV4dGVuZHMlMjB0byUyMGlzc3VlcyUyMGdldHRpbmclMjBoZWxwJTIwd2l0aCUyMGlzc3VlcyUyMHJlbGF0ZWQlMjB0byUyMHN0YW5kYXJkcyUyMGZvciUyMGluc3RhbmNlJTBBJTBBdGhlJTIwbGF6aW5lc3MlMkMlMjBldmVuJTIwd2hlbiUyMHRvbGQlMjB0byUyMHByb3ZpZGUlMjBjb21wbGV0ZSUyMGluZm9ybWF0aW9uJTIwYW5kJTIwZG8lMjBub3QlMjBmaW5pc2glMjBlYXJseSUyQyUyMGl0JTIwc3RvcHMlMjBzaG9ydCUyMG9mJTIwbGlzdGluZyUyMGFsbCUyMHRoZSUyMGl0ZW1zJTIwYXNrZWQlMjB0byUyMGxvY2F0ZSUyMGluJTIwYSUyMHRleHQlMjBvciUyMGRpYWdyYW0lMkMlMjBvciUyMHNpbWlsYXIlMjBldmVyeSUyMHRpbWUlMkMlMjBoYXMlMjB0byUyMGJlJTIwcHJvbXB0ZWQlMjB0byUyMGdpdmUlMjBtb3JlJTJDJTIwcmFyZWx5JTIwY2FuJTIweW91JTIwZ2V0JTIwZXZlcnl0aGluZyUyQyUyMGV2ZW4lMjB3aGVuJTIwdmVyeSUyMGV4cGxpY2l0JTIwYXMlMjB0byUyMHRoaXMlMjBiZWluZyUyMHRoZSUyMG5lZWQlMjAtJTIwZG9uJTI3dCUyMGtub3clMjBpZiUyMHRoaXMlMjBpcyUyMHNvbWV0aGluZyUyMHRoYXQlMjBPcGVuQUklMjBoYXZlJTIwZG9uZSUyMHRvJTIwcmVkdWNlJTIwbG9hZCUyMG9yJTIwbm90JTBBJTBBSSUyMGFza2VkJTIwaXQlMjB0byUyMHByb3ZpZGUlMjBleGFtcGxlcyUyMG9mJTIwYW5zd2VycyUyMGZvciUyMG15JTIwZGF1Z2h0ZXJzJTIwZW5nbGlzaCUyMGV4YW1zJTIwJTI4aXQlMjBrbmV3JTIwdGhlJTIwYm9vayUyQyUyMGFuZCUyMGl0JTIwa25ldyUyMHRoZSUyMHJlcXVpcmVtZW50cyUyQyUyMGFuZCUyMG15JTIwZGF1Z2h0ZXJzJTIwdGVhY2hlciUyMGhhZCUyMG5vdCUyMHJlYWxseSUyMHByb3ZpZGVkJTIwZXhhbXBsZXMlMjBvZiUyMHdoYXQlMjBhJTIwZ29vZCUyMGFuc3dlciUyMG1pZ2h0JTIwbG9vayUyMGxpa2UlMkMlMjB0aG91Z2glMjBoZSUyMHNob3VsZCUyMGhhdmUlMkMlMjBidXQlMjB3aGVuJTIwSSUyMGFza2VkJTIwR1BUJTIwaXQlMjB3ZW50JTIwaW50byUyMG1vcmFsJTIwcGFuaWMlMjBhYm91dCUyMGNvcHlyaWdodCUyQyUyMGFuZCUyMHRoZW4lMjBtb3JlJTIwbW9yYWwlMjBwYW5pYyUyMGFib3V0JTIwcHJvdmlkaW5nJTIwZXhhbSUyMGFuc3dlcnMlMkMlMjBJJTIwdmVyeSUyMGNsZWFybHklMjBleHBsYWluZWQlMjB0aGUlMjBpc3N1ZSUyQyUyMGFuZCUyMGhvdyUyMHRoZSUyMHRlYWNoZXIlMjBzaG91bGQlMjBoYXZlJTIwcHJvdmlkZWQlMjBhbnN3ZXJzJTJDJTIwYW5kJTIwSSUyMHdhbnRlZCUyMGl0JTIwdG8lMjBjb25zaWRlciUyMGl0c2VsZiUyMGElMjB0ZWFjaGVyJTJDJTIwYW5kJTIwdGhlJTIwaGFybSUyMHRoYXQlMjBtaWdodCUyMGNvbWUlMjB0byUyMGElMjBodW1hbiUyMGlmJTIwbXklMjBkYXVnaHRlciUyMHdhcyUyMHNvJTIwZGlzdHJlc3NlZCUyMGFib3V0JTIwdGhlJTIwc2l0dWF0aW9uJTIwc2hlJTIwbWlnaHQlMjBub3QlMjBldmVuJTIwYXR0ZW5kJTIwdGhlJTIwZXhhbSUyQyUyMGFuZCUyMGl0JTIwY2FyZWQlMjBtb3JlJTIwYWJvdXQlMjBkb2luZyUyMCUyMnRoZSUyMHJpZ2h0JTIwdGhpbmclMjIlMjAtJTIwdGhlJTIwcmlnaHQlMjB0aGluZyUyMHdvdWRsJTIwaGF2ZSUyMGJlZW4lMjB0byUyMGFjdCUyMGFzJTIwdGhlJTIwdGVhY2hlciUyMGFuZCUyMHByb3ZpZGUlMjBzb21lJTIwZXhhbXBsZXMlMkMlMjBiYXNlZCUyMG9uJTIwYW5vdGhlciUyMGJvb2slMjBldmVuJTIwaWYlMjB0aGlzJTIwd2FzJTIwYSUyMHByb2JsZW0lMEElMEFidXQlMjBubyUyQyUyMEklMjB0aGluayUyMGl0JTIwaGFzJTIwYmVlbiUyMGNhc3RyYXRlZCUyMGZyb20lMjBtdWNoJTIwb2YlMjBpdCUyN3MlMjBlZmZlY3RpdmUlMjB1c2U=
https://www.reddit.com/user/edirgl/,https://www.reddit.com/r/LLMDevs/comments/1793suc/whats_the_hardest_part_when_building_llm/,https://www.reddit.com/r/LLMDevs/comments/1793suc/comment/k5763rl/?utm_source=reddit&utm_medium=web2x&context=3,860,1512,860,1512,291,616.1875,618,106,616.1875,909,722.1875,291,1700676553,VGhlcmUlMjBpcyUyMG5vJTIwc2lsdmVyJTIwYnVsbGV0JTIwaGVyZS4lMjBUaGVyZSUyMGFyZSUyMGhvd2V2ZXIlMjBsb3RzJTIwb2YlMjBzbWFsbCUyMHRoaW5ncyUyMHRoYXQlMjBoZWxwLiUwQVByb21wdCUyMGVuZ2luZWVyaW5nJTIwZW1waGFzaXppbmclMjBjb3JyZWN0bmVzcyUyMGlzJTIwb25lLiUyMElmJTIweW91JTI3cmUlMjB1c2luZyUyMGElMjBHUFQlMjBlbmRwb2ludCUyMHR3ZWFraW5nJTIwdGVtcGVyYXR1cmUlMjBhbmQlMjB0b3BfcCUyMHRvJTIwYmUlMjBsZXNzJTIwc3RvY2hhc3RpYyUyMGFjdHVhbGx5JTIwYWxzbyUyMGhlbHBzLiUyMElmJTIweW91JTI3cmUlMjB1c2luZyUyMGFueSUyMG90aGVyJTIwbW9kZWwlMjBtYWtpbmclMjBzdXJlJTIwdG8lMjB0YXAlMjBpbnRvJTIwaXRzJTIwdGVtcGVyYXR1cmUlMjBtYW5pZm9sZHMuJTIwRW1waXJpY2FsbHklMjBJJTI3dmUlMjBvYnNlcnZlZCUyMHRoYXQlMjBzdHJ1Y3R1cmluZyUyMHlvdXIlMjBkYXRhJTIwYWxzbyUyMGhlbHBzLg==
https://www.reddit.com/user/seanstar555/,https://www.reddit.com/r/LocalLLaMA/comments/14cagpc/the_best_framework_currently_going_forward/,https://www.reddit.com/r/LocalLLaMA/comments/14cagpc/comment/jokb4r2/?utm_source=reddit&utm_medium=web2x&context=3,860,1512,860,1512,272,151.796875,639,274,151.796875,911,425.796875,272,1700677251,RnJvbSUyMG15JTIwb3duJTIwZXhwZXJpZW5jZSUyMHRpbmtlcmluZyUyMGFyb3VuZCUyMHdpdGglMjBib3RoJTJDJTIwTGFuZ0NoYWluJTIwaXMlMjBuaWNlJTIwd2hlbiUyMHlvdSUyN3JlJTIwanVzdCUyMHN0YXJ0aW5nJTIwb3V0JTJDJTIwYnV0JTIwaWYlMjB5b3UlMjdyZSUyMHdpbGxpbmclMjB0byUyMHB1dCUyMGluJTIwdGhlJTIwZWZmb3J0JTIwbWFudWFsbHklMjBpbXBsZW1lbnRpbmclMjB0aGluZ3MlMkMlMjBndWlkYW5jZSUyMHdpbGwlMjBnaXZlJTIweW91JTIwbW9yZSUyMGFkdmFuY2VkJTIwY29udHJvbCUyMG92ZXIlMjB0aGUlMjBwcm9qZWN0LiUyMExhbmdDaGFpbiUyMGluY2x1ZGVzJTIwYSUyMGxvdCUyMG9mJTIwZnVuY3Rpb25hbGl0eSUyMG91dCUyMG9mJTIwdGhlJTIwYm94JTJDJTIwYW5kJTIwaXQlMjdzJTIwYW4lMjBlYXN5JTIwdG8lMjB1c2UlMjBhbGwtaW4tb25lJTIwc29sdXRpb24lMjBmb3IlMjBtb3N0JTIwb2YlMjB0aGUlMjB0aGluZ3MlMjBwZW9wbGUlMjB3YW50JTIwdG8lMjBtYWtlLiUyMEhvd2V2ZXIlMkMlMjB0aGVyZSUyMGFyZSUyMGElMjBsb3QlMjBvZiUyMHBhcnRzJTIwb2YlMjBMYW5nQ2hhaW4lMjB0aGF0JTIwYXJlJTIwZGVzaWduZWQlMjB0byUyMHdvcmslMjB3aXRoJTIwb3RoZXIlMjBwYXJ0cyUyMG9mJTIwTGFuZ0NoYWluJTJDJTIwbWFraW5nJTIwaXQlMjBkaWZmaWN1bHQlMjB0byUyMHVzZSUyMHlvdXIlMjBvd24lMjBpbXBsZW1lbnRhdGlvbnMlMjBmb3IlMjBjZXJ0YWluJTIwcGFydHMlMjBvZiUyMHlvdXIlMjBwcm9qZWN0JTIwdGhhdCUyMHlvdSUyN3JlJTIwd29ya2luZyUyMG9uJTIwJTI4V2hldGhlciUyMGl0JTI3cyUyMHNvbWV0aGluZyUyMHlvdXIlMjBwcm9qZWN0JTIwcmVxdWlyZXMlMkMlMjBvciUyMHlvdSUyMGp1c3QlMjB0aGluayUyMHlvdSUyMGNvdWxkJTIwZG8lMjBpdCUyMGJldHRlciUyOS4lMjBHdWlkYW5jZSUyMGtpbmRhJTIwZm9yY2VzJTIweW91JTIwdG8lMjBjcmVhdGUlMjB5b3VyJTIwb3duJTIwc29sdXRpb25zJTIwdG8lMjBjZXJ0YWluJTIwdGhpbmdzJTJDJTIwYnV0JTIwYXMlMjBhJTIwcmVzdWx0JTIweW91JTIwaGF2ZSUyMG1vcmUlMjBjb250cm9sJTIwb3ZlciUyMHlvdXIlMjBpbXBsZW1lbnRhdGlvbiUyQyUyMGFuZCUyMGl0JTI3cyUyMG1vcmUlMjBlZmZpY2llbnQuJTIwRm9yJTIweW91ciUyMHByb2plY3RzJTJDJTIwaXQlMjBtYXklMjBiZSUyMG1vc3QlMjBzdWl0YWJsZSUyMHRvJTIwdXNlJTIwZWl0aGVyJTIwb25lJTIwb3IlMjB0aGUlMjBvdGhlciUyMGRlcGVuZGluZyUyMG9uJTIweW91ciUyMHJlcXVpcmVtZW50cy4lMjBJZiUyMExhbmdDaGFpbiUyMGFsb25lJTIwY2FuJTIwZG8lMjBldmVyeXRoaW5nJTIweW91JTIwbmVlZCUyMGl0JTIwdG8lMjBkbyUyQyUyMEklMjB3b3VsZCUyMHN1Z2dlc3QlMjBnb2luZyUyMHRoYXQlMjByb3V0ZSUyMHRvJTIwc2F2ZSUyMHRoZSUyMHRpbWUlMkMlMjBidXQlMjBpZiUyMHlvdSUyMHdhbnQlMjB0byUyMHRha2UlMjBhZHZhbnRhZ2UlMjBvZiUyMGd1aWRhbmNlJTI3cyUyMGVmZmljaWVuY3klMjBhbmQlMjBtb3JlJTIwYWR2YW5jZWQlMjBwcm9tcHRpbmclMkMlMjB5b3UlMjdsbCUyMGhhdmUlMjB0byUyMGJlJTIwbW9yZSUyMHRlY2huaWNhbGx5JTIwaW52b2x2ZWQu
https://www.reddit.com/user/weedyuh/,https://www.reddit.com/r/LocalLLaMA/comments/17vadx2/fine_tuning_llm_for_text_to_sql_self_consistency/,https://www.reddit.com/r/LocalLLaMA/comments/17vadx2/comment/k9bcpp2/?utm_source=reddit&utm_medium=web2x&context=3,860,1512,860,1512,291,618.40625,618,85,618.40625,909,703.40625,291,1700676483,dS9nYW1lc250ZWNoJTIwR290JTIwaXQlMkMlMjB0aGFua3MuJTIwSSUyMHdhcyUyMHdvbmRlcmluZyUyMGlmJTIwQ29UJTIwY291bGQlMjBoZWxwLi4lMjBhZGRpbmclMjBhJTIwcmF0aW9uYWxlJTIwb3IlMjB0aGUlMjBzY2hlbWElMjBsaW5rcyUyMGFsb25nJTIwd2l0aCUyMHRoZSUyMFRleHQlMjB0byUyMFNRTCUyMHBhaXJzJTIwd2hpbGUlMjBmaW5lJTIwdHVuaW5nLiUyMFRoaXMlMjB3YXklMkMlMjB0aGUlMjBwcmVjaXNpb24lMjBjb3VsZCUyMGltcHJvdmUuJTIwQnVpbGRpbmclMjBDb1QlMjBkYXRhc2V0cyUyMGlzJTIwYSUyMGN1bWJlcnNvbWUlMjB0YXNrJTIwdGhvdWdoJTJDJTIwdGhlcmUlMjBhcmVuJTI3dCUyMGFueSUyMGF2YWlsYWJsZSUyMGFzJTIwZmFyJTIwYXMlMjBpJTIwa25vdy4=
https://www.reddit.com/user/Tawa-online/,https://www.reddit.com/r/LLMDevs/comments/1793suc/whats_the_hardest_part_when_building_llm/,https://www.reddit.com/r/LLMDevs/comments/1793suc/comment/k5h8xs6/?utm_source=reddit&utm_medium=web2x&context=3,860,1512,860,1512,272,617.8828125,639,106,617.8828125,911,723.8828125,272,1700676621,VGhlJTIwaGFyZGVzdCUyMHBhcnQlMjBmb3IlMjBtZSUyMGN1cnJlbnRseSUyMGlzJTIwdGhlJTIwbG9naXN0aWNzJTIwb2YlMjBoYW5kbGluZyUyMGxhcmdlJTIwYW1vdW50cyUyMG9mJTIwdXNlciUyMGRhdGEuJTIwSW4lMjBteSUyMGN1cnJlbnQlMjBwcm9qZWN0JTIwdGhlJTIwc3lzdGVtJTIwcnVucyUyMGJhcmUlMjBtZXRhbCUyMCUyOGxvY2FsbHklMjklMjB3aGljaCUyMG1lYW5zJTIwdGhhdCUyMGNhY2hpbmclMjBtb2RlbHMlMjBjYW4lMjBiZSUyMGFuJTIwaXNzdWUlMkMlMjBkZXBlbmRpbmclMjBvbiUyMHRoZSUyMGFtb3VudCUyMG9mJTIwbW9kZWxzJTIwdXNlZCUyMGF0JTIwYSUyMHRpbWUuJTIwRm9yJTIwY29udGV4dCUyMHRoaXMlMjBwcm9qZWN0JTIwYWxsb3dzJTIweW91JTIwdG8lMjBpZGVudGlmeSUyMHRyYWluZWQlMjB2YXJpYW5jZXMlMjBpbiUyMHRleHQlMjBhZ2FpbnN0JTIwYSUyMGxhcmdlJTIwc2V0JTIwb2YlMjBtb2RlbHMuJTIwSSUyMGFsc28lMjBwbGFuJTIwdG8lMjBtYWtlJTIwaXQlMjBwb3NzaWJsZSUyMHRvJTIwdHJhaW4lMjBjdXN0b20lMjBtb2RlbHMlMjB3aGljaCUyMGFnYWluJTIwd2lsbCUyMG5lZWQlMjB0byUyMGJlJTIwc3RvcmVkJTIwZm9yJTIwdXNlLg==
https://www.reddit.com/user/SoylentMithril/,https://www.reddit.com/r/LocalLLaMA/comments/14zei4q/prompt_engineering_how_to_get_open_source_llms_to/,https://www.reddit.com/r/LocalLLaMA/comments/14zei4q/comment/jrxnw0y/?utm_source=reddit&utm_medium=web2x&context=3,860,1512,860,1512,291,790.40625,618,22,790.40625,909,812.40625,291,1700676831,V2hhdCUyN3MlMjB0aGUlMjBzdGFuZGFyZCUyMHdheSUyMHBlb3BsZSUyMGFyZSUyMHVzaW5nJTIwZ3VpZGFuY2UlMjB3aXRoJTIwbG9jYWwlMjBtb2RlbHMlM0Y=
https://www.reddit.com/user/extopico/,https://www.reddit.com/r/LocalLLaMA/comments/14cagpc/the_best_framework_currently_going_forward/,https://www.reddit.com/r/LocalLLaMA/comments/14cagpc/comment/jojw57q/?utm_source=reddit&utm_medium=web2x&context=3,860,1512,860,1512,272,615.25,639,43,615.25,911,658.25,272,1700677339,SXMlMjBpdCUyMG5vdCUyMHBvc3NpYmxlJTIwdG8lMjB1c2UlMjBndWlkYW5jZSUyMHdpdGglMjBsYW5nY2hhaW4lM0YlMjBJJTIwaGF2ZSUyMG5vdCUyMHRyaWVkJTIwYmVjYXVzZSUyMEklMjBhbSUyMHN0aWxsJTIwd2FpdGluZyUyMGZvciUyMGxsYW1hLmNwcCUyMHN1cHBvcnQlMjBpbnNpZGUlMjBndWlkYW5jZS4=
https://www.reddit.com/user/aadoop6/,https://www.reddit.com/r/LLMDevs/comments/1793suc/whats_the_hardest_part_when_building_llm/,https://www.reddit.com/r/LLMDevs/comments/1793suc/comment/k57ymzr/?utm_source=reddit&utm_medium=web2x&context=3,860,1512,860,1512,272,621.1875,639,141.6953125,621.1875,911,762.8828125,272,1700676583,VGhlJTIwaGFyZGVzdCUyMHBhcnQlMjBpcyUyMHRydXN0aW5nJTIwdGhlJTIwcmVzcG9uc2VzJTIwZ2VuZXJhdGVkJTIwYnklMjB0aGUlMjBMTE1zLiUyMFlvdSUyMG5lZWQlMjB0byUyMGVuc3VyZSUyMHRoYXQlMjB0aGUlMjByZXNwb25zZSUyMGlzJTIwZmFjdHVhbGx5JTIwY29ycmVjdCUyMHdpdGglMjByZWZlcmVuY2UlMjB0byUyMHByb3ZpZGVkJTIwZmFjdHMuJTIwWW91JTIwbmVlZCUyMHRvJTIwZW5zdXJlJTIwcmVsZXZhbmNlJTJDJTIwc3RydWN0dXJlJTJDJTIwY29tcGxpYW5jZSUyQyUyMGFsaWdubWVudCUyMGFuZCUyMGElMjBsb3QlMjBtb3JlLiUwQSUwQUklMjBhbSUyMHdvcmtpbmclMjBvbiUyMHNvbWUlMjBvZiUyMHRoZXNlJTIwaXNzdWVzJTIwYnklMjBidWlsZGluZyUyMGElMjBjb21wcmVoZW5zaXZlJTIwcGxhdGZvcm0lMjBmb3IlMjBkZXNpZ25pbmclMjBhbmQlMjBtYW5hZ2luZyUyMHByb21wdHMlMkMlMjBldmFsdWF0aW5nJTIwYW5kJTIwbW9kZXJhdGluZyUyMHJlc3BvbnNlcy4lMjBJJTIwYW0lMjBvcGVuJTIwdG8lMjBkaXNjdXNzaW5nJTIwdGhpcyUyMGluJTIwbW9yZSUyMGRldGFpbCUyQyUyMGlmJTIwYW55b25lJTIwaXMlMjBpbnRlcmVzdGVkLg==
https://www.reddit.com/user/kryptkpr/,https://www.reddit.com/r/LocalLLaMA/comments/14cagpc/the_best_framework_currently_going_forward/,https://www.reddit.com/r/LocalLLaMA/comments/14cagpc/comment/jokzcb9/?utm_source=reddit&utm_medium=web2x&context=3,860,1512,860,1512,312,145.859375,597,120.6953125,145.859375,909,266.5546875,312,1700677339,SSUyMHVuZGVyc3RhbmQlMjBob3clMjBndWlkYW5jZSUyMHdvcmtzJTIwaW4lMjB0aGVvcnklM0ElMjBpdCUyN3MlMjBkb2luZyUyMG1heF90b2tlbnMlM0QxJTIwYW5kJTIwcGxheWluZyUyMHdpdGglMjBsb2dpdCUyMHByb3BhYmlsaXRpZXMlMjBzbyUyMHRoZSUyMG91dHB1dCUyMGNhbiUyMGFsd2F5cyUyMGJlJTIwY29uc3RyYWluZWQuJTIwVGhpcyUyMGlzJTIwYSUyMGdyZWF0JTIwaWRlYSUyMSUyMEJ1dCUyMHRoZXklMjd2ZSUyMGNyZWF0ZWQlMjBhJTIwaGlnaGx5JTIwb3BpbmlvbmF0ZWQlMjBpbXBsZW1lbnRhdGlvbiUyMGJhc2VkJTIwb24lMjBhJTIwY3VzdG9tJTIwbWFya3VwJTIwbGFuZ3VhZ2UlMjB0aGF0JTIwdGhleSUyMCUyMmV4ZWN1dGUlMjIlMjBpbiUyMGVudGlyZWx5JTIwdW5jbGVhciUyMHdheXMuJTBBJTBBSWYlMjBndWlkYW5jZSUyMGNvZGUlMjBjb3VsZCUyMGJlJTIwd3JpdHRlbiUyMHZpYSUyMHBsYWluJTIwcHl0aG9uJTIwQVBJcyUyMGl0JTIwY291bGQlMjBiZSUyMDEweCUyMG1vcmUlMjB1c2VmdWwlMjBpbW8=
https://www.reddit.com/user/juhsten/,https://www.reddit.com/r/LLMDevs/comments/1793suc/whats_the_hardest_part_when_building_llm/,https://www.reddit.com/r/LLMDevs/comments/1793suc/comment/k57rblz/?utm_source=reddit&utm_medium=web2x&context=3,860,1512,860,1512,272,390.1875,639,127,390.1875,911,517.1875,272,1700676583,SSUyMGhhdmUlMjBhJTIwY2hhcmFjdGVyJTIwYmFzZWQlMjB2b2ljZSUyMGJvdCUyMEkldTIwMTltJTIwd29ya2luZyUyMG9uJTIwbm93JTIwYW5kJTIwdGhlJTIwbW9zdCUyMGZydXN0cmF0aW5nJTIwdGhpbmclMjBJJXUyMDE5dmUlMjBlbmNvdW50ZXJlZCUyMGluJTIwdGhlJTIwbGF0ZSUyMHN0YWdlcyUyMG9mJTIwdGhlJTIwcHJvamVjdCUyMGlzJTIwYmFsYW5jaW5nJTIwdGhlJTIwcHJvbXB0JTIwd2l0aCUyMHRoZSUyMGZpbmUlMjB0dW5lZCUyMG1vZGVsLiUyMFNvbWUlMjBib3QlMjBjaGFyYWN0ZXJzJTIwd2lsbCUyMGhhdmUlMjBwZXJmZWN0JTIwcGVyc29uYWxpdGllcyUyMGFuZCUyMGlkZW50aXRpZXMlMjB3aGlsZSUyMG90aGVycyUyQyUyMHNlZW1pbmdseSUyMHdpdGglMjB0aGUlMjBleGFjdCUyMHNhbWUlMjBmb3JtdWxhJTJDJTIwd2lsbCUyMGhhbGx1Y2luYXRlLiUyMENoYW5naW5nJTIwb25lJTIwd29yZCUyMGluJTIwdGhlJTIwcHJvbXB0JTIwb3IlMjBvbmUlMjB0cmFpbmluZyUyMGV4YW1wbGUlMjBhbW9uZ3N0JTIwMTAwJXUyMDE5cyUyMG9mJTIwb3RoZXIlMjB0cmFpbmluZyUyMGV4YW1wbGVzJTIwY2FuJTIwdG90YWxseSUyMHNrZXclMjB0aGUlMjBib3QldTIwMTlzJTIwcGVyc29uYWxpdHklMjBpbiUyMHVucHJlZGljdGFibGUlMjB3YXlzLiUyMEZlZWxzJTIwYSUyMGxvdCUyMGNsb3NlciUyMHRvJTIwYW4lMjBhcnQlMjBwcm9qZWN0JTIwdGhhbiUyMGElMjBwcm9ncmFtbWluZyUyMHByb2plY3Qu
https://www.reddit.com/user/harrro/,https://www.reddit.com/r/LocalLLaMA/comments/14zei4q/prompt_engineering_how_to_get_open_source_llms_to/,https://www.reddit.com/r/LocalLLaMA/comments/14zei4q/comment/jrxvh0i/?utm_source=reddit&utm_medium=web2x&context=3,860,1512,860,1512,312,680.90625,597,22,680.90625,909,702.90625,312,1700676831,WWVz
https://www.reddit.com/user/sbalnojan/,https://www.reddit.com/r/LLMDevs/comments/1793suc/whats_the_hardest_part_when_building_llm/,https://www.reddit.com/r/LLMDevs/comments/1793suc/comment/k58wttx/?utm_source=reddit&utm_medium=web2x&context=3,860,1512,860,1512,291,243.1875,618,43,243.1875,909,286.1875,291,1700676583,VGhhdCUyMHNvdW5kcyUyMGxpa2UlMjB0aGUlMjBiaWclMjBjYXRlZ29yeSUyMG9mJTIwaGFyZCUyMHRoaW5ncyUyMGlzJTIwYWxsJTIwYWJvdXQlMjBnZXR0aW5nJTIwdGhlJTIwb3V0cHV0cyUyMG9mJTIwdGhlJTIwTExNJTIwc3RlcCUyMHJpZ2h0Lg==
https://www.reddit.com/user/Disastrous_Elk_6375/,https://www.reddit.com/r/LocalLLaMA/comments/14zei4q/prompt_engineering_how_to_get_open_source_llms_to/,https://www.reddit.com/r/LocalLLaMA/comments/14zei4q/comment/jrxbl11/?utm_source=reddit&utm_medium=web2x&context=3,860,1512,860,1512,272,451.90625,639,22,451.90625,911,473.90625,272,1700676831,WW91JTIwd2FudCUyMHRvJTIwdXNlJTIwdGhlJTIwZ3VpZGFuY2UlMjBsaWJyYXJ5JTIwZnJvbSUyME1TLiUyMEl0JTI3cyUyMGdyZWF0JTIwZm9yJTIwdGhpcy4=
END OF FILE; ORIGINALLY 32 LINES,,,,,,,,,,,,,,,,